"id","name","birthday","email"
1,"Karly Cutbirth","1904-03-19","kcutbirth0@tiny.cc"
2,"Auria Yegorovnin","1926-08-25","ayegorovnin1@weibo.com"
3,"Humbert Conyer","1923-10-12","hconyer2@fastcompany.com"
4,"Aurelie Alldridge","1929-11-03","aalldridge3@economist.com"
5,"Vonni Aronstein","1996-09-21","varonstein4@rediff.com"
6,"Ambur Dewire","1908-09-10","adewire5@sciencedaily.com"
7,"Kirsteni Stanborough","1906-01-11","kstanborough6@adobe.com"
8,"Rhiamon Newcom","1967-11-12","rnewcom7@foxnews.com"
9,"Ariana Ridgewell","1966-01-16","aridgewell8@whitehouse.gov"
10,"Rhoda Gosneye",NULL,NULL
11,"Ebeneser Chevalier","1933-04-25","echevaliera@cornell.edu"
12,"Kylila Sibbson","1954-01-09","ksibbsonb@domainmarket.com"
13,"Elbert Plenty","1965-10-30","eplentyc@marriott.com"
14,"Tamra Sexty","1927-09-21","tsextyd@google.es"
15,"Almeria Brooking","1932-08-13","abrookinge@elpais.com"
16,"Ema Simants","1984-04-15","esimantsf@youtu.be"
17,"Martha Hacun","1989-06-01","mhacung@sitemeter.com"
18,"Kissie Greenhaugh","1928-01-26","kgreenhaughh@omniture.com"
19,"Damara Colvill","1935-12-22","dcolvilli@miibeian.gov.cn"
20,"Amos McGuggy","1903-11-11","amcguggyj@pinterest.com"
21,"Andre Maffucci","1963-12-31","amaffuccik@delicious.com"
22,"Griffin Pohlak","1960-03-08","gpohlakl@nbcnews.com"
23,"Daffy Chilley","1956-03-20","dchilleym@wix.com"
24,"Umeko Thelwll","1907-12-05","uthelwlln@un.org"
25,"Frankie Danielsson","1912-12-05","fdanielssono@vimeo.com"
26,"Sallie Comport","1999-08-29","scomportp@ftc.gov"
27,"Bucky Moth","1954-05-08","bmothq@usatoday.com"
28,"Judie Shattock","1960-06-05","jshattockr@admin.ch"
29,"Shirl Stennings","1935-10-19","sstenningss@myspace.com"
30,"Berny MacAnespie",NULL,NULL
31,"Tamar Dominique","1906-12-31","tdominiqueu@unesco.org"
32,"Delmar Dingley","1921-12-24","ddingleyv@toplist.cz"
33,"Peggi Cramphorn","1974-08-24","pcramphornw@cnn.com"
34,"Abby McKim","1939-05-19","amckimx@bizjournals.com"
35,"Davon Petchey","1998-10-22","dpetcheyy@hud.gov"
36,"Fabio O'Grogane","1938-02-16","fogroganez@parallels.com"
37,"Fraze Steuhlmeyer",NULL,NULL
38,"Harriot Maldin","1911-03-17","hmaldin11@livejournal.com"
39,"Ebonee Swadling","1997-05-25","eswadling12@seattletimes.com"
40,"Felecia Torrisi","1947-05-21","ftorrisi13@canalblog.com"
41,"Ajay Linster","1999-07-12","alinster14@msu.edu"
42,"Dora O' Donohoe","1947-11-12","do15@apache.org"
43,"Mag Frear","1926-07-16","mfrear16@so-net.ne.jp"
44,"Pennie Brakespear","1965-07-19","pbrakespear17@ibm.com"
45,"Lynda O'Breen","1912-08-16","lobreen18@vimeo.com"
46,"Blisse Francescuzzi","1963-05-10","bfrancescuzzi19@ycombinator.com"
47,"Courtnay Maxwale","1978-06-04","cmaxwale1a@mysql.com"
48,"Irma Eliyahu","1944-11-10","ieliyahu1b@pcworld.com"
49,"Raoul Garmston","1977-07-13","rgarmston1c@rakuten.co.jp"
50,"Editha Probet","1911-08-18","eprobet1d@edublogs.org"
